srcSize,compressedSize,compressionRatio,ctimeMs,dtimeMs,iters,path
7317470,1147630,6.37616,45.1449,7.51275,3
483966011,73546745,6.57725,6435.11,1318.93,3
488931436,75120992,6.54282,6369.95,1335.65,3
567195185,87540973,6.51935,7469.71,1675.81,3
