srcSize,compressedSize,compressionRatio,ctimeMs,dtimeMs,iters,path
7317470,1191537,6.1412,42.9864,7.11977,3
483966011,75263785,6.42576,6286.68,1278.31,3
488931436,76931464,6.39048,6155.45,1300.19,3
567195185,89519773,6.37039,7195.22,1633.79,3
