srcSize,compressedSize,compressionRatio,ctimeMs,dtimeMs,iters,path
7317470,1285397,5.69277,45.8909,10.1147,3
483966011,81847913,5.90959,6560.95,1665.39,3
488931436,84285412,5.85487,6531.46,1813.18,3
567195185,97934415,5.83151,7721.79,2127.77,3
