srcSize,compressedSize,compressionRatio,ctimeMs,dtimeMs,iters,path
7317470,1353730,5.40541,44.2117,10.7549,3
483966011,85367423,5.66509,6348.28,1517.82,3
488931436,87802000,5.61653,6556.01,1642.59,3
567195185,101969527,5.59657,7766.77,2114.72,3
