srcSize,compressedSize,compressionRatio,ctimeMs,dtimeMs,iters,path
7317470,1368870,5.34563,44.3171,9.77193,3
483966011,87480503,5.5294,6351.14,1388.28,3
488931436,89921947,5.48307,6470.04,1514.44,3
567195185,104408936,5.4644,7618,1931.92,3
