srcSize,compressedSize,compressionRatio,ctimeMs,dtimeMs,iters,path
7317470,1381675,5.29609,44.6911,5.52724,3
483966011,62340775,7.70974,6315.63,1315.75,3
488931436,64090116,7.66916,6502.18,1243.29,3
567195185,74325100,7.65523,7681.39,1549.58,3
