srcSize,compressedSize,compressionRatio,ctimeMs,dtimeMs,iters,path
7317470,1387471,5.27396,45.6707,9.49495,3
483966011,89355325,5.41402,6323.66,1396.1,3
488931436,91622933,5.375,6505.49,1409.1,3
567195185,106380515,5.35907,7654.61,1923.51,3
