srcSize,compressedSize,compressionRatio,ctimeMs,dtimeMs,iters,path
7317470,1431772,5.11078,41.7674,7.95617,3
483966011,89491806,5.40326,6496.73,1347.71,3
488931436,91853533,5.3629,6541.62,1380.03,3
567195185,106465100,5.34988,7620.84,1638.69,3
