srcSize,compressedSize,compressionRatio,ctimeMs,dtimeMs,iters,path
7317470,1437843,5.0892,42.7978,9.07995,3
483966011,90540269,5.34131,6489.86,1388.82,3
488931436,92951469,5.30048,6542.88,1371.32,3
567195185,107822998,5.28573,7669.65,1994.89,3
