srcSize,compressedSize,compressionRatio,ctimeMs,dtimeMs,iters,path
7317470,1454209,5.03192,44.2036,10.7208,3
483966011,90633499,5.33495,6554.97,1345.71,3
488931436,92937438,5.29774,6676.62,1490.6,3
567195185,107904942,5.28252,7837.23,1896.94,3
