srcSize,compressedSize,compressionRatio,ctimeMs,dtimeMs,iters,path
7317470,1487278,4.92004,37.8186,8.07376,3
483966011,91736203,5.26995,6174.67,1327.8,3
488931436,94213903,5.22956,6419.59,1525.38,3
567195185,109205446,5.21641,7564.14,1880.05,3
