srcSize,compressedSize,compressionRatio,ctimeMs,dtimeMs,iters,path
7317470,1497563,4.88625,37.6703,8.18123,3
483966011,91732717,5.26957,6238.89,1359.56,3
488931436,94209513,5.22949,6501.49,1491.85,3
567195185,109204837,5.21638,7630.27,1822.8,3
