srcSize,compressedSize,compressionRatio,ctimeMs,dtimeMs,iters,path
7317470,1506646,4.85679,40.0237,7.80556,3
483966011,97041461,4.98521,6411.76,1312.31,3
488931436,99640472,4.94587,6471.53,1452.46,3
567195185,115484506,4.93319,7631.03,1869.81,3
