srcSize,compressedSize,compressionRatio,ctimeMs,dtimeMs,iters,path
7317470,1511779,4.8403,41.0114,8.03245,3
483966011,97308862,4.97147,5988.03,1334.28,3
488931436,99387390,4.94538,6318.87,1353.5,3
567195185,115610773,4.9309,7260.28,1571.4,3
