srcSize,compressedSize,compressionRatio,ctimeMs,dtimeMs,iters,path
7317470,1619733,4.5177,38.7161,7.76218,3
483966011,95434047,5.06197,6424.88,1334.4,3
488931436,97687838,5.03341,6293.76,1337.95,3
567195185,113639759,5.01785,7268.19,1577.84,3
