srcSize,compressedSize,compressionRatio,ctimeMs,dtimeMs,iters,path
7317470,1646989,4.44294,37.3588,6.342,3
483966011,96737805,4.99349,6354.43,1269.63,3
488931436,99045652,4.96486,6189.25,1295.72,3
567195185,115191388,4.94978,7203.16,1493.48,3
