srcSize,compressedSize,compressionRatio,ctimeMs,dtimeMs,iters,path
7317470,1655362,4.42047,38.5989,6.93269,3
483966011,98471080,4.90663,6278.36,1277.31,3
488931436,100605012,4.88322,6195.78,1307.84,3
567195185,117003948,4.87012,7081.54,1512.01,3
