srcSize,compressedSize,compressionRatio,ctimeMs,dtimeMs,iters,path
7317470,1659109,4.41048,36.7197,6.70599,3
483966011,101516891,4.76161,6133.81,1278.73,3
488931436,104192193,4.72693,6245.03,1292.04,3
567195185,120715234,4.71651,7236.54,1513.54,3
