srcSize,compressedSize,compressionRatio,ctimeMs,dtimeMs,iters,path
7317470,1713078,4.27153,35.2441,7.04341,3
483966011,102584274,4.71041,5862.64,1306.45,3
488931436,105318158,4.67625,6276.77,1367.75,3
567195185,122047827,4.6656,7375.78,1795.18,3
