srcSize,compressedSize,compressionRatio,ctimeMs,dtimeMs,iters,path
7317470,1801936,4.06089,35.983,5.96033,3
483966011,102394169,4.71499,6348.47,1268.87,3
488931436,105110697,4.68315,6477.41,1294.07,3
567195185,121780761,4.67372,7375.91,1685.01,3
