srcSize,compressedSize,compressionRatio,ctimeMs,dtimeMs,iters,path
7317470,2173995,3.36591,31.2654,4.79497,3
483966011,115208108,4.18534,5968.35,1209.26,3
488931436,118759630,4.15096,6012.95,1191.9,3
567195185,137553823,4.14083,6977.32,1432.66,3
