srcSize,compressedSize,compressionRatio,ctimeMs,dtimeMs,iters,path
7317470,2186635,3.34645,34.0827,8.39983,3
483966011,144974917,3.3384,6131.28,1323.03,3
488931436,149014086,3.30957,6217.1,1338.72,3
567195185,172700182,3.30026,7245.48,1554.71,3
