srcSize,compressedSize,compressionRatio,ctimeMs,dtimeMs,iters,path
7317470,2185207,3.34864,33.6423,7.36557,3
483966011,143929352,3.36232,6089.36,1487.35,3
488931436,147872190,3.33421,6190.16,1552.24,3
567195185,171357569,3.3253,7145.09,1846.73,3
