srcSize,compressedSize,compressionRatio,ctimeMs,dtimeMs,iters,path
7317470,2499578,2.92748,30.6819,6.96168,3
483966011,148029669,3.26371,5753.11,1263.99,3
488931436,152086705,3.23914,5765.5,1295.41,3
567195185,176241390,3.23146,6664.85,1630.23,3
