srcSize,compressedSize,compressionRatio,ctimeMs,dtimeMs,iters,path
7317470,2666232,2.7445,28.5279,6.37157,3
483966011,148545358,3.24898,5968.61,1247.41,3
488931436,152557556,3.22684,6074.83,1262.43,3
567195185,176816452,3.21984,6940.24,1515.35,3
