srcSize,compressedSize,compressionRatio,ctimeMs,dtimeMs,iters,path
7317470,2666288,2.74444,29.3303,5.50284,3
483966011,148564459,3.24857,5981,1226.72,3
488931436,152580304,3.2264,6038.8,1347.62,3
567195185,176836934,3.21942,7092.41,1763.2,3
