srcSize,compressedSize,compressionRatio,ctimeMs,dtimeMs,iters,path
7317470,2740320,2.6703,27.3751,5.12429,3
483966011,160844425,3.00324,5738.97,1194.09,3
488931436,165222774,2.98112,5825.83,1214.38,3
567195185,191492761,2.97407,6838.93,1424,3
