srcSize,compressedSize,compressionRatio,ctimeMs,dtimeMs,iters,path
7317470,2835136,2.58099,26.449,5.24179,3
483966011,168719320,2.86372,5766.46,1206.36,3
488931436,173249395,2.84282,5729.93,1218.58,3
567195185,200709930,2.83661,6820.07,1591.64,3
