srcSize,compressedSize,compressionRatio,ctimeMs,dtimeMs,iters,path
7317470,2835183,2.58095,27.0673,5.46242,3
483966011,168719393,2.86372,5623.21,1187.61,3
488931436,173249457,2.84282,5620.75,1213.59,3
567195185,200709999,2.83661,6582,1411.25,3
