srcSize,compressedSize,compressionRatio,ctimeMs,dtimeMs,iters,path
7317470,2851024,2.56661,27.7672,5.21392,3
483966011,162864101,2.96463,5516.89,1148.3,3
488931436,166987837,2.94622,5430,1172.08,3
567195185,193508777,2.94066,6264.23,1355.93,3
