srcSize,compressedSize,compressionRatio,ctimeMs,dtimeMs,iters,path
7317470,655990,11.1548,52.6057,7.25673,3
483966011,54240428,8.94928,6739.96,1300.35,3
488931436,55439539,8.88391,6890.25,1427.97,3
567195185,64604271,8.84536,8061.1,1667.53,3
