srcSize,compressedSize,compressionRatio,ctimeMs,dtimeMs,iters,path
7317470,2932014,2.49571,25.8006,5.16931,3
483966011,156801996,3.07563,5769.1,1177.77,3
488931436,160685823,3.05916,5772.99,1358.72,3
567195185,186231851,3.05419,6842.19,1516.91,3
