srcSize,compressedSize,compressionRatio,ctimeMs,dtimeMs,iters,path
7317470,3347135,2.18619,24.8834,4.42909,3
483966011,192385589,2.50997,5469.28,1149.2,3
488931436,197273566,2.49415,5489.81,1163.05,3
567195185,228661153,2.48913,6376.76,1350.41,3
