srcSize,compressedSize,compressionRatio,ctimeMs,dtimeMs,iters,path
7317470,3347135,2.18619,24.9143,4.51038,3
483966011,192385589,2.50997,5480.37,1157.59,3
488931436,197273566,2.49415,5472.89,1165.56,3
567195185,228661153,2.48913,6393.49,1342.21,3
