srcSize,compressedSize,compressionRatio,ctimeMs,dtimeMs,iters,path
7317470,3450078,2.12096,23.97,4.42997,3
483966011,192384859,2.50866,5634.81,1134.97,3
488931436,197272852,2.4935,5595.49,1163.95,3
567195185,228660421,2.48873,6551.63,1509.5,3
