srcSize,compressedSize,compressionRatio,ctimeMs,dtimeMs,iters,path
7317470,5504850,1.32928,22.5246,6.31996,3
483966011,324421852,1.48907,5391.96,1196.5,3
488931436,329785750,1.48582,5244.3,1225.1,3
567195185,382404930,1.48487,6039.17,1628.88,3
