srcSize,compressedSize,compressionRatio,ctimeMs,dtimeMs,iters,path
7317470,5504855,1.32928,23.0839,5.75853,3
483966011,324421859,1.48907,5141.94,1186.14,3
488931436,329785761,1.48582,5101.72,1214.42,3
567195185,382404937,1.48487,6012.7,1420.25,3
