srcSize,compressedSize,compressionRatio,ctimeMs,dtimeMs,iters,path
7317470,5521791,1.3252,22.0739,6.16644,3
483966011,325588297,1.48375,5230.36,1185.67,3
488931436,330991436,1.48046,5178.36,1191.8,3
567195185,383792347,1.47951,5930.36,1400.36,3
