srcSize,compressedSize,compressionRatio,ctimeMs,dtimeMs,iters,path
7317470,5639007,1.29765,19.2646,5.92743,3
483966011,325781322,1.48236,5081.05,1182.89,3
488931436,331170341,1.47937,5174.48,1199.07,3
567195185,384028163,1.47848,6113.34,1386.39,3
