srcSize,compressedSize,compressionRatio,ctimeMs,dtimeMs,iters,path
7317470,5654966,1.29399,19.6036,5.36633,3
483966011,326720749,1.4781,5071.24,1185.57,3
488931436,332064485,1.47525,5062.91,1202.08,3
567195185,385054353,1.47443,6027.71,1394.45,3
