srcSize,compressedSize,compressionRatio,ctimeMs,dtimeMs,iters,path
7317470,5738710,1.27511,20.007,6.08615,3
483966011,332363874,1.45306,5192.86,1172.03,3
488931436,337878276,1.45006,5208.2,1213.71,3
567195185,391789725,1.4492,6095.27,1415.15,3
