srcSize,compressedSize,compressionRatio,ctimeMs,dtimeMs,iters,path
7317470,701067,10.4376,50.2197,6.4486,3
483966011,56548124,8.58149,6675.86,1252.44,3
488931436,57834082,8.51744,6895.32,1271.43,3
567195185,67307453,8.48404,8021.72,1490.51,3
