srcSize,compressedSize,compressionRatio,ctimeMs,dtimeMs,iters,path
7317470,5745152,1.27368,19.511,5.88553,3
483966011,332798277,1.45117,5064.66,1178.77,3
488931436,338325468,1.44816,5007.66,1189.11,3
567195185,392307882,1.44729,5924.09,1374.07,3
