srcSize,compressedSize,compressionRatio,ctimeMs,dtimeMs,iters,path
7317470,5745375,1.27363,19.9747,5.19257,3
483966011,332847339,1.45096,5270.03,1177.68,3
488931436,338358872,1.44798,4976.38,1194.13,3
567195185,392353671,1.44712,5941.03,1374.04,3
