srcSize,compressedSize,compressionRatio,ctimeMs,dtimeMs,iters,path
7317470,6319492,1.15792,18.0528,3.9989,3
483966011,359983227,1.3412,5014.54,1149.15,3
488931436,366360410,1.33788,4950.82,1181.95,3
567195185,424706381,1.33701,5819,1367.98,3
