srcSize,compressedSize,compressionRatio,ctimeMs,dtimeMs,iters,path
7317470,6343462,1.15355,17.4642,5.19245,3
483966011,361450737,1.33576,5089.44,1139.07,3
488931436,367745682,1.33265,5073.22,1193.94,3
567195185,426320648,1.33184,5816.31,1325.94,3
