srcSize,compressedSize,compressionRatio,ctimeMs,dtimeMs,iters,path
7317470,6621263,1.10515,18.0822,5.15062,3
483966011,378634240,1.27521,4969.04,1152.49,3
488931436,384122957,1.27403,4979.14,1143.47,3
567195185,445427169,1.27379,5836.79,1365.24,3
