srcSize,compressedSize,compressionRatio,ctimeMs,dtimeMs,iters,path
7317470,6736322,1.08627,18.345,4.86519,3
483966011,387941614,1.24477,4887.26,1163.99,3
488931436,395013700,1.24126,4899.61,1182.84,3
567195185,457920901,1.2403,5677.06,1378.35,3
