srcSize,compressedSize,compressionRatio,ctimeMs,dtimeMs,iters,path
7317470,6736436,1.08625,18.0156,5.57213,3
483966011,387945213,1.24476,4917.36,1134.69,3
488931436,395024723,1.24124,4960.38,1164.67,3
567195185,457927556,1.24028,5834.56,1358.1,3
