srcSize,compressedSize,compressionRatio,ctimeMs,dtimeMs,iters,path
7317470,6736429,1.08625,18.0997,4.79417,3
483966011,387949319,1.24475,4899.54,1139.74,3
488931436,395024430,1.24123,4941.89,1174.43,3
567195185,457928215,1.24027,5746.47,1366.55,3
