srcSize,compressedSize,compressionRatio,ctimeMs,dtimeMs,iters,path
7317470,6975999,1.04895,17.7329,5.26401,3
483966011,402593901,1.19951,4939.22,1151.16,3
488931436,408819396,1.19774,4930.09,1179.67,3
567195185,474040357,1.19729,5784,1375.67,3
