srcSize,compressedSize,compressionRatio,ctimeMs,dtimeMs,iters,path
7317470,6976007,1.04895,18.8199,5.49977,3
483966011,402593906,1.19951,4952.23,1133.77,3
488931436,408819400,1.19774,4979.96,1191.36,3
567195185,474040362,1.19729,5701.04,1350.42,3
