srcSize,compressedSize,compressionRatio,ctimeMs,dtimeMs,iters,path
7317470,851941,8.58917,50.5967,7.93111,3
483966011,66173349,7.32982,7135.02,1411.79,3
488931436,67879824,7.26596,7197,1406.77,3
567195185,78831580,7.2398,8286.15,1755.08,3
