srcSize,compressedSize,compressionRatio,ctimeMs,dtimeMs,iters,path
7317470,6976007,1.04895,18.3183,5.29042,3
483966011,402593906,1.19951,4979.65,1134.22,3
488931436,408819400,1.19774,5087.56,1197.76,3
567195185,474040362,1.19729,5804.63,1357.18,3
