srcSize,compressedSize,compressionRatio,ctimeMs,dtimeMs,iters,path
7317470,6982013,1.04805,19.2333,5.55257,3
483966011,402960798,1.19842,5012.2,516.49,3
488931436,409165732,1.19669,4903.91,1173.63,3
567195185,474443943,1.19625,5775.47,1354.37,3
