srcSize,compressedSize,compressionRatio,ctimeMs,dtimeMs,iters,path
7317470,7078266,1.03379,18.2101,5.32552,3
483966011,408857636,1.18115,4982.67,1151.06,3
488931436,414765023,1.17999,4938.49,1166.76,3
567195185,480931972,1.17976,5807.66,1373.59,3
