srcSize,compressedSize,compressionRatio,ctimeMs,dtimeMs,iters,path
7317470,7078438,1.03377,17.8336,4.62503,3
483966011,408868191,1.18112,4913.64,1141.22,3
488931436,414792188,1.17993,4933.3,1180.14,3
567195185,480938227,1.17972,5743.81,1357,3
