srcSize,compressedSize,compressionRatio,ctimeMs,dtimeMs,iters,path
7317470,866790,8.44203,50.0462,7.81433,3
483966011,67866658,7.14766,6953.31,1368.04,3
488931436,69602321,7.08577,7050.55,1401.61,3
567195185,80759028,7.06274,8258.26,1938.49,3
