srcSize,compressedSize,compressionRatio,ctimeMs,dtimeMs,iters,path
7317470,931172,7.85834,47.3094,6.25077,3
483966011,56812952,8.50794,6786.92,1273.98,3
488931436,57950946,8.4724,6918.38,1278.23,3
567195185,67571408,8.4435,8147.55,1601.14,3
