srcSize,compressedSize,compressionRatio,ctimeMs,dtimeMs,iters,path
7317470,935914,7.81853,47.7576,6.36641,3
483966011,59748582,8.0957,6579.82,1236.25,3
488931436,61403520,8.02876,6839.27,1258.64,3
567195185,71170605,8.00694,7975.86,1652.47,3
